{
  "total_cancel": 42093,
  "correct_cancel": 0.8416126196754805,
  "total_noncancel": 113305,
  "correct_noncancel": 0.9530647367724284
}