{"loss": [0.1924985945224762, 0.17177261412143707, 0.1704137623310089, 0.16964638233184814, 0.16910716891288757, 0.1685350239276886, 0.1682223081588745, 0.1679411232471466, 0.16768768429756165, 0.16751158237457275], "accuracy": [0.9322217106819153, 0.9371797442436218, 0.9376357793807983, 0.937900185585022, 0.9380931854248047, 0.9382792115211487, 0.9384114146232605, 0.9384530782699585, 0.9385624527931213, 0.9385772347450256], "rmse": [0.22309467196464539, 0.21462658047676086, 0.21381206810474396, 0.21334096789360046, 0.2129824459552765, 0.212696373462677, 0.2124561220407486, 0.21229614317417145, 0.21212847530841827, 0.21201330423355103], "val_loss": [0.1440505087375641, 0.1903175711631775, 0.15431208908557892, 0.18202733993530273, 0.16909199953079224, 0.15536688268184662, 0.15779221057891846, 0.18808701634407043, 0.1525423526763916, 0.16444936394691467], "val_accuracy": [0.9449999928474426, 0.921999990940094, 0.9570000171661377, 0.9380000233650208, 0.9350000023841858, 0.9449999928474426, 0.9440000057220459, 0.9319999814033508, 0.9430000185966492, 0.9340000152587891], "val_rmse": [0.19846944510936737, 0.23444144427776337, 0.19580987095832825, 0.21891741454601288, 0.21398480236530304, 0.20350611209869385, 0.2072773426771164, 0.21886906027793884, 0.20068398118019104, 0.21509996056556702]}